-- -----------------------------------------------------------------------------
--
-- @link      https://datagram.co.jp/source/bksj for the canonical source repository
-- @copyright Copyright (c) 2006-2019 Datagram Ltd. (https://datagram.co.jp)
-- @license   https://datagram.co.jp/source/bksj/license.txt
--
-- -----------------------------------------------------------------------------
-- jslip Constants
--

use `datagram_js`

-- --------------------------------------------------------------------------------
-- 固定情報
--

--
-- 固定情報:勘定分類
--
DROP TABLE IF EXISTS `c_c0`;
CREATE TABLE IF NOT EXISTS `c_c0` (
    `c0`   INT         COMMENT '勘定分類コード: c0',
    `name` VARCHAR(80) COMMENT '勘定分類名: name',
    PRIMARY KEY (`c0`)
) ENGINE=InnoDB COMMENT '勘定分類: c_c0';

INSERT INTO `c_c0` (`c0`, `name`) VALUES
(1, '貸借勘定'),
(2, '損益勘定');

--
-- 固定情報:勘定科目コード大分類
--
DROP TABLE IF EXISTS `c_c1`;
CREATE TABLE IF NOT EXISTS `c_c1` (
    `c1`   INT         COMMENT '大分類コード: c1',
    `name` VARCHAR(80) COMMENT '大分類名: name',
    PRIMARY KEY (`c1`)
) ENGINE=InnoDB COMMENT '勘定科目コード大分類: c_c1';

INSERT INTO `c_c1` (`c1`, `name`) VALUES
(1, '流動資産'),
(2, '固定資産'),
(3, '繰延資産'),
(4, '流動負債'),
(5, '固定負債'),
(6, '法令上の引当金'),
(7, '資本'),
(8, '経常損益'),
(9, '特別損益及び未処分損失');

--
-- 固定情報:勘定科目コード中分類
--
DROP TABLE IF EXISTS `c_c2`;
CREATE TABLE IF NOT EXISTS `c_c2` (
    `c1`   INT         COMMENT '大分類コード: c1',
    `c2`   INT         COMMENT '中分類コード: c2',
    `name` VARCHAR(80) COMMENT '中分類名: name',
    PRIMARY KEY (`c1`, `c2`)
) ENGINE=InnoDB COMMENT '勘定科目コード中分類: c_c2';

INSERT INTO `c_c2` (`c1`, `c2`, `name`) VALUES
(1, 1, '当座預金'),
(1, 2, '棚卸資産'),
(1, 4, 'その他の流動資産'),
(1, 5, 'その他の流動資産'),
(1, 6, 'その他の流動資産'),
(1, 7, 'その他の流動資産'),
(1, 8, 'その他の流動資産'),
(1, 9, 'その他の流動資産'),
(2, 1, '有形固定資産'),
(2, 2, '有形固定資産'),
(2, 3, '無形固定資産'),
(2, 4, '無形固定資産'),
(2, 5, '無形固定資産'),
(2, 6, '投資その他の資産'),
(2, 7, '投資その他の資産'),
(2, 8, '投資その他の資産'),
(3, 1, '繰延資産'),
(3, 2, '繰延資産'),
(4, 1, '短期債務'),
(4, 2, '短期債務'),
(4, 3, '引当金（流動性のもの）'),
(4, 4, '引当金（流動性のもの）'),
(4, 5, 'その他の流動負債'),
(4, 6, 'その他の流動負債'),
(5, 1, '長期債務'),
(5, 2, '長期債務'),
(5, 3, '引当金（固定性のもの）'),
(5, 4, '引当金（固定性のもの）'),
(6, 1, '商法第287条ノ２の引当金'),
(6, 2, '特別法上の準備金・引当金'),
(7, 1, '資本'),
(7, 2, '法定準備金'),
(7, 3, 'その他の剰余金'),
(8, 1, '売上高'),
(8, 2, '売上原価'),
(8, 3, '販売費及び一般管理費'),
(8, 4, '販売費及び一般管理費'),
(8, 5, '販売費及び一般管理費'),
(8, 6, '営業外利益'),
(8, 7, '営業外利益'),
(8, 8, '営業外費用'),
(8, 9, '営業外費用'),
(9, 1, '特別利益'),
(9, 2, '特別損失'),
(9, 8, '法人税及び住民税'),
(9, 9, '当期未処分利益・損失');

--
-- 固定情報:勘定科目コード小分類
--
DROP TABLE IF EXISTS `c_c3`;
CREATE TABLE IF NOT EXISTS `c_c3` (
    `c1`   INT         COMMENT '大分類コード: c1',
    `c2`   INT         COMMENT '中分類コード: c2',
    `c3`   INT         COMMENT '小分類コード: c3',
    `div`  INT         COMMENT '勘定分類コード: div',
    `name` VARCHAR(80) COMMENT '小分類名: name',
    PRIMARY KEY (`c1`, `c2`, `c3`, `div`)
) ENGINE=InnoDB COMMENT '勘定科目コード小分類: c_c3';

INSERT INTO `c_c3` (`c1`, `c2`, `c3`, `div`, `name`) VALUES
(1, 1, 1, 1, '現金及び預金'),
(1, 1, 2, 1, '受取手形'),
(1, 1, 3, 1, '売掛金'),
(1, 1, 4, 1, '有価証券'),
(1, 1, 5, 1, '自己株式'),
(1, 1, 6, 1, '親会社株式'),
(1, 2, 1, 1, '商品'),
(1, 2, 2, 1, '製品'),
(1, 2, 3, 1, '副産物及び作業くず'),
(1, 2, 4, 1, '半製品'),
(1, 2, 5, 1, '原材料'),
(1, 2, 6, 1, '仕掛品'),
(1, 2, 7, 1, '貯蔵品'),
(1, 4, 1, 1, '前渡金'),
(1, 4, 2, 1, '前払費用'),
(1, 4, 3, 1, '未収収益'),
(1, 4, 4, 1, '短期貸付金'),
(1, 4, 5, 1, '未収入金'),
(1, 4, 6, 1, '預け金'),
(1, 9, 9, 1, '貸倒引当金'),
(2, 1, 1, 1, '建物'),
(2, 1, 2, 1, '構築物'),
(2, 1, 3, 1, '機械及び装置'),
(2, 1, 4, 1, '船舶航空機'),
(2, 1, 5, 1, '車両運搬具'),
(2, 1, 6, 1, '工具器具備品'),
(2, 2, 1, 1, '土地'),
(2, 2, 7, 1, '建設仮勘定'),
(2, 2, 9, 1, '減価償却累計額'),
(2, 3, 1, 1, '営業権'),
(2, 3, 2, 1, '特許権'),
(2, 3, 3, 1, '借地権（地上権を含む）'),
(2, 3, 5, 1, '商標権'),
(2, 3, 6, 1, '実用新案権'),
(2, 3, 7, 1, '意匠権'),
(2, 3, 8, 1, '鉱業権'),
(2, 3, 9, 1, '漁業権（入漁権を含む）'),
(2, 4, 1, 1, '水利権'),
(2, 4, 2, 1, '電話加入権'),
(2, 4, 3, 1, '施設利用権'),
(2, 6, 1, 1, '投資有価証券'),
(2, 6, 2, 1, '出資金'),
(2, 6, 3, 1, '長期貸付金'),
(2, 7, 1, 1, '投資固定資産'),
(2, 8, 1, 1, '長期前払費用'),
(3, 1, 1, 1, '創立費'),
(3, 1, 2, 1, '開業費'),
(3, 1, 3, 1, '新株発行費'),
(3, 1, 4, 1, '社債発行費'),
(3, 1, 5, 1, '社債発行差金'),
(3, 1, 6, 1, '開発費'),
(3, 1, 7, 1, '試験研究費'),
(3, 1, 8, 1, '建設利息'),
(4, 1, 1, 1, '支払手形'),
(4, 1, 2, 1, '買掛金'),
(4, 1, 3, 1, '短期借入金'),
(4, 1, 4, 1, '未払金'),
(4, 1, 5, 1, '未払費用'),
(4, 1, 6, 1, '前受金'),
(4, 1, 7, 1, '預り金'),
(4, 2, 1, 1, '前受利益'),
(4, 3, 1, 1, '製品保証等引当金'),
(4, 3, 2, 1, '売上割戻引当金'),
(4, 3, 3, 1, '景品費引当金'),
(4, 3, 4, 1, '返品調整引当金'),
(4, 3, 5, 1, '賞与引当金'),
(4, 3, 7, 1, '修繕引当金'),
(4, 3, 8, 1, '債務保証損失引当金'),
(4, 3, 9, 1, '損害補償損失引当金'),
(4, 5, 1, 1, '割賦販売繰延利益'),
(5, 1, 1, 1, '社債'),
(5, 1, 2, 1, '転換社債'),
(5, 1, 3, 1, '新株引受権付社債'),
(5, 1, 4, 1, '長期借入金'),
(5, 1, 5, 1, '長期未払金'),
(5, 1, 6, 1, '長期預り金'),
(5, 3, 1, 1, '退職給与引当金'),
(5, 3, 2, 1, '特別修繕引当金'),
(7, 1, 1, 1, '資本金'),
(7, 1, 2, 1, '新株式申込証拠金'),
(7, 1, 3, 1, '新株式払込金'),
(7, 2, 1, 1, '資本準備金'),
(7, 2, 6, 1, '利益準備金'),
(7, 3, 1, 1, 'その他の資本剰余金'),
(7, 3, 2, 1, '任意積立金'),
(7, 3, 3, 1, '当期未処分利益'),
(8, 1, 1, 2, '売上高'),
(8, 1, 2, 2, '役務収益'),
(8, 2, 1, 1, '期首商品・製品たな卸高'),
(8, 2, 2, 2, '当期仕入高'),
(8, 2, 3, 2, '当期製品製造原価'),
(8, 2, 4, 1, '期末商品・製品たな卸高'),
(8, 3, 1, 2, '販売費及び一般管理費'),
(8, 4, 1, 2, '販売費及び一般管理費'),
(8, 5, 1, 2, '販売費及び一般管理費'),
(8, 6, 1, 2, '受取利息及び割引料'),
(8, 6, 2, 2, '受取配当金'),
(8, 6, 3, 2, '有価証券売却益'),
(8, 6, 4, 2, '仕入割引'),
(8, 6, 5, 2, '投資不動産賃貸料'),
(8, 7, 9, 2, '雑収入'),
(8, 8, 1, 2, '支払利息及び割引料'),
(8, 8, 2, 2, '社債利息'),
(8, 8, 3, 2, '創立費償却'),
(8, 8, 4, 2, '開業費償却'),
(8, 8, 5, 2, '新株発行費償却'),
(8, 8, 6, 2, '社債発行費償却'),
(8, 8, 7, 2, '社債発行差金償却'),
(8, 8, 8, 2, '有価証券評価損'),
(8, 8, 9, 2, '有価証券売却損'),
(8, 9, 1, 2, '売上割引'),
(8, 9, 9, 2, '雑損失'),
(9, 1, 1, 2, '固定資産売却益'),
(9, 1, 2, 2, '投資有価証券売却損'),
(9, 1, 3, 2, '前期損益修正益'),
(9, 2, 1, 2, '固定資産売却・除却損'),
(9, 2, 2, 2, '投資有価証券売却損'),
(9, 2, 3, 2, '前期損益修正損'),
(9, 2, 4, 2, '災害損失'),
(9, 8, 1, 2, '法人税'),
(9, 8, 2, 2, '法人税追徴金'),
(9, 8, 3, 2, '住民税'),
(9, 8, 4, 2, '住民税追徴金'),
(9, 9, 1, 1, '前期繰越利益・損失'),
(9, 9, 2, 2, '中間配当積立金取崩額'),
(9, 9, 3, 2, '減債積立金取崩額'),
(9, 9, 4, 2, '事業拡張積立金取崩額'),
(9, 9, 5, 2, 'その他の特定目的積立金目的取崩額'),
(9, 9, 7, 2, '中間配当額'),
(9, 9, 8, 2, '中間配当に伴う利益準備金積立額'),
(9, 9, 9, 2, '当期未処分利益・損失');

--
-- 固定情報:勘定科目コード細分類
--
DROP TABLE IF EXISTS `c_c4`;
CREATE TABLE IF NOT EXISTS `c_c4` (
    `c1`   INT         COMMENT '大分類コード: c1',
    `c2`   INT         COMMENT '中分類コード: c2',
    `c3`   INT         COMMENT '小分類コード: c3',
    `c4`   INT         COMMENT '細分類コード: c4',
    `name` VARCHAR(80) COMMENT '細分類名: name',
    PRIMARY KEY (`c1`, `c2`, `c3`, `c4`)
) ENGINE=InnoDB COMMENT '勘定科目コード細分類: c_c4';

INSERT INTO `c_c4` (`c1`, `c2`, `c3`, `c4`, `name`) VALUES
(1, 1, 1, 1, '現金'),
(1, 1, 1, 2, '預金'),
(1, 1, 2, 1, '受取手形'),
(1, 1, 2, 7, '子会社受取手形'),
(1, 1, 2, 8, 'その他の関係会社受取手形'),
(1, 1, 2, 9, '貸倒引当金'),
(1, 1, 3, 1, '売掛金'),
(1, 1, 3, 7, '子会社売掛金'),
(1, 1, 3, 8, 'その他の関係会社売掛金'),
(1, 1, 3, 9, '貸倒引当金'),
(1, 4, 2, 1, '前払費用'),
(1, 4, 2, 7, '子会社前払費用'),
(1, 4, 2, 8, 'その他の関係会社前払費用'),
(1, 4, 3, 1, '未収収益'),
(1, 4, 3, 7, '子会社未収収益'),
(1, 4, 3, 8, 'その他の関係会社未収収益'),
(1, 4, 4, 1, '短期貸付金'),
(1, 4, 4, 4, '株主及び役員短期貸付金'),
(1, 4, 4, 5, '従業員短期貸付金'),
(1, 4, 4, 6, '子会社短期貸付金'),
(1, 4, 4, 7, 'その他の関係会社短期貸付金'),
(1, 4, 4, 9, '貸倒引当金'),
(2, 1, 1, 1, '建物'),
(2, 1, 1, 9, '建物減価償却累計額'),
(2, 1, 2, 1, '構築物'),
(2, 1, 2, 9, '構築物減価償却累計額'),
(2, 1, 3, 1, '機械及び装置'),
(2, 1, 3, 9, '機械及び装置減価償却累計額'),
(2, 1, 4, 1, '船舶航空機'),
(2, 1, 4, 9, '船舶航空機減価償却累計額'),
(2, 1, 5, 1, '車両運搬具'),
(2, 1, 5, 9, '車両運搬具減価償却累計額'),
(2, 1, 6, 1, '工具器具備品'),
(2, 1, 6, 9, '工具器具備品減価償却累計額'),
(2, 6, 1, 1, '投資有価証券'),
(2, 6, 1, 5, '子会社株式'),
(2, 6, 1, 6, 'その他の関係会社株式'),
(2, 6, 1, 7, '子会社社債'),
(2, 6, 1, 8, 'その他の関係会社社債'),
(2, 6, 2, 1, '出資金'),
(2, 6, 2, 7, '子会社出資金'),
(2, 6, 2, 8, 'その他の関係会出資金'),
(2, 6, 3, 1, '長期貸付金'),
(2, 6, 3, 4, '株主及び役員長期貸付金'),
(2, 6, 3, 5, '従業員長期貸付金'),
(2, 6, 3, 6, '子会社長期貸付金'),
(2, 6, 3, 7, 'その他の関係会社長期貸付金'),
(2, 6, 3, 8, '破産債権等'),
(2, 6, 3, 9, '貸倒引当金'),
(2, 7, 1, 1, '投資固定資産'),
(2, 7, 1, 7, '子会社投資固定資産'),
(2, 7, 1, 8, 'その他の関係会社投資固定資産'),
(2, 7, 1, 9, '減価償却累計額'),
(4, 1, 1, 1, '支払手形'),
(4, 1, 1, 7, '子会社支払手形'),
(4, 1, 1, 8, 'その他の関係会社支払手形'),
(4, 1, 4, 7, '未払法人税等'),
(4, 1, 4, 8, '未払事業税等'),
(5, 1, 4, 1, '長期借入金'),
(5, 1, 4, 7, '子会社長期借入金'),
(5, 1, 4, 8, 'その他の関係会社長期借入金'),
(7, 3, 2, 1, '特別償却準備金'),
(7, 3, 2, 2, '価格変動準備金'),
(7, 3, 2, 3, '海外投資等損失準備金'),
(7, 3, 2, 4, '公害防止準備金'),
(7, 3, 2, 5, '減債積立金'),
(7, 3, 2, 6, '中間配当積立金'),
(7, 3, 2, 7, '配当平均積立金'),
(7, 3, 2, 8, '別途積立金'),
(7, 3, 2, 9, 'その他の任意積立金'),
(8, 1, 1, 1, '売上高'),
(8, 1, 1, 9, '売上控除高'),
(8, 2, 2, 1, '当期商品仕入高'),
(8, 2, 2, 9, '仕入控除高');

--
-- 固定情報:貸借区分
--
DROP TABLE IF EXISTS `c_deb_cre`;
CREATE TABLE IF NOT EXISTS `c_deb_cre` (
    `c0`   BIGINT      COMMENT '貸借区分: c0',
    `abbr` VARCHAR(80) COMMENT '貸借区分略名: abbr',
    `name` VARCHAR(80) COMMENT '貸借区分名: name',
    PRIMARY KEY (`c0`)
) ENGINE=InnoDB COMMENT '名前: c_deb_cre';

INSERT INTO `c_deb_cre` (`c0`, `abbr`, `name`) VALUES
(0, '借', '借方'),
(1, '貸', '貸方');

--
-- 固定情報:科目分類
--
DROP TABLE IF EXISTS `c_item_class`;
CREATE TABLE IF NOT EXISTS `c_item_class` (
    `c0`   BIGINT      COMMENT '勘定科目分類: c0',
    `name` VARCHAR(80) COMMENT '勘定科目分類名: name',
    PRIMARY KEY (`c0`)
) ENGINE=InnoDB COMMENT '科目分類: c_item_class';

INSERT INTO `c_item_class` (`c0`, `name`) VALUES
( 0, 'その他'),
(10, '資産(一般)'),
(11, '資産(原材料)'),
(12, '資産(仕掛品)'),
(13, '資産(製品)'),
(14, '資産(商品)'),
(20, '負債(一般)'),
(21, '負債(法人税等引当金)'),
(30, '資本(一般)'),
(31, '資本(前期繰越損益)'),
(41, '期首棚卸高(原材料)'),
(42, '期首棚卸高(仕掛品)'),
(43, '期首棚卸高(製品)'),
(44, '期首棚卸高(商品)'),
(46, '期末棚卸高(原材料)'),
(47, '期末棚卸高(仕掛品)'),
(48, '期末棚卸高(製品)'),
(49, '期末棚卸高(商品)'),
(51, '製造原価(材料費)'),
(52, '製造原価(給料手当)'),
(53, '製造原価(福利費)'),
(54, '製造原価(その他の経費)'),
(61, '売上(製品)'),
(62, '売上(商品)'),
(71, '費用(商品仕入)'),
(72, '費用(給料手当)'),
(73, '費用(福利費)'),
(74, '費用(その他の経費)'),
(80, '営業外損益'),
(90, '特別損益'),
(91, '特別損益(法人税等)');

--
-- 固定情報:まるめ
--
DROP TABLE IF EXISTS `c_round`;
CREATE TABLE IF NOT EXISTS `c_round` (
    `c0`   TINYINT     COMMENT 'まるめ区分: c0',
    `name` VARCHAR(80) COMMENT '規則名: name',
    PRIMARY KEY (`c0`)
) ENGINE=InnoDB COMMENT 'まるめ: c_round';

INSERT INTO `c_round` (`c0`, `name`) VALUES
(-1, '切捨て'),
( 0, '四捨五入'),
( 1, '切り上げ');

--
-- 固定情報:決算伝票
--
DROP TABLE IF EXISTS `c_settled`;
CREATE TABLE IF NOT EXISTS `c_settled` (
    `c0`   BIGINT      COMMENT '決算伝票区分: c0',
    `name` VARCHAR(80) COMMENT '決算伝票名: name',
    PRIMARY KEY (`c0`)
) ENGINE=InnoDB COMMENT '決算伝票: c_settled';

INSERT INTO `c_settled` (`c0`, `name`) VALUES
(-1, '期首伝票'),
( 0, '通常伝票'),
( 1, '決算伝票');

-- --------------------------------------------------------------------------------
-- EOL
